"Year","Estimate","LCI","UCI","variable"
1986,1.94791882249198,NA,NA,"Spawning stock age diversity"
1987,2.08801472615484,NA,NA,"Spawning stock age diversity"
1988,2.01456145587672,NA,NA,"Spawning stock age diversity"
1989,1.85940923260316,NA,NA,"Spawning stock age diversity"
1990,2.08818426856136,NA,NA,"Spawning stock age diversity"
1991,2.1117649916451,NA,NA,"Spawning stock age diversity"
1992,2.52500570821645,NA,NA,"Spawning stock age diversity"
1993,2.20250634307635,NA,NA,"Spawning stock age diversity"
1994,2.01799392583583,NA,NA,"Spawning stock age diversity"
1995,2.17923857950423,NA,NA,"Spawning stock age diversity"
1996,1.97535828142288,NA,NA,"Spawning stock age diversity"
1997,1.97846395342595,NA,NA,"Spawning stock age diversity"
1998,2.09082640855984,NA,NA,"Spawning stock age diversity"
1999,NA,NA,NA,"Spawning stock age diversity"
2000,1.87574051311518,NA,NA,"Spawning stock age diversity"
2001,NA,NA,NA,"Spawning stock age diversity"
2002,1.96700769903064,NA,NA,"Spawning stock age diversity"
2003,1.68522177965292,NA,NA,"Spawning stock age diversity"
2004,1.2998782811171,NA,NA,"Spawning stock age diversity"
2005,1.40651525192973,NA,NA,"Spawning stock age diversity"
2006,1.72852849063399,NA,NA,"Spawning stock age diversity"
2007,1.67979815114694,NA,NA,"Spawning stock age diversity"
2008,1.97710262969022,NA,NA,"Spawning stock age diversity"
2009,1.71958683682055,NA,NA,"Spawning stock age diversity"
2010,2.00129788834595,NA,NA,"Spawning stock age diversity"
2011,NA,NA,NA,"Spawning stock age diversity"
2012,1.67775191231425,NA,NA,"Spawning stock age diversity"
2013,2.10801918123473,NA,NA,"Spawning stock age diversity"
2014,1.72409225175589,NA,NA,"Spawning stock age diversity"
2015,2.0185861654614,NA,NA,"Spawning stock age diversity"
2016,1.03666954766721,NA,NA,"Spawning stock age diversity"
2017,0.590599203719841,NA,NA,"Spawning stock age diversity"
2018,0.548081312516314,NA,NA,"Spawning stock age diversity"
2019,0.961034420915518,NA,NA,"Spawning stock age diversity"
2020,1.70068173368987,NA,NA,"Spawning stock age diversity"
1970,7.14677217945264,6.54965074223381,7.74413662762799,"Log age1 recruits"
1971,8.0519780789023,7.20414929203594,8.8997307948807,"Log age1 recruits"
1972,8.19229373114764,7.48042830607421,8.90422273736872,"Log age1 recruits"
1973,9.26369154747318,8.93866287366612,9.58870831219998,"Log age1 recruits"
1974,7.68662133494462,7.1074254741107,8.26590733415575,"Log age1 recruits"
1975,7.6980291702728,7.15226885603254,8.24354550792826,"Log age1 recruits"
1976,9.0687768076544,8.69433468816865,9.44327582575286,"Log age1 recruits"
1977,9.3722891389622,9.00834657938471,9.73625163316022,"Log age1 recruits"
1978,9.57727253036756,9.21502936146231,9.9394819127595,"Log age1 recruits"
1979,10.1526886381696,9.85193106562173,10.4534569634197,"Log age1 recruits"
1980,9.48036750918924,9.09929707318286,9.86146692327352,"Log age1 recruits"
1981,8.89590356221558,8.43359416753992,9.35807048400052,"Log age1 recruits"
1982,8.88958399179497,8.43163530305459,9.34740302236452,"Log age1 recruits"
1983,8.50106380948635,7.83042561782033,9.17159954365975,"Log age1 recruits"
1984,8.6821990260005,8.07806788181544,9.28628237555134,"Log age1 recruits"
1985,9.57581647186798,9.25512251474808,9.89646293759916,"Log age1 recruits"
1986,8.32724260745779,7.77148876011762,8.88294679928817,"Log age1 recruits"
1987,7.43307534889858,6.61740297797448,8.2482674474469,"Log age1 recruits"
1988,8.46019946989612,8.00636756765025,8.9142228207033,"Log age1 recruits"
1989,9.29825967001407,9.00908061416198,9.58740600556265,"Log age1 recruits"
1990,9.00969189848934,8.68811670325782,9.33131829852909,"Log age1 recruits"
1991,8.06463647577422,7.55013534248843,8.57922858233569,"Log age1 recruits"
1992,7.76599307940768,7.23921497377981,8.29229810706322,"Log age1 recruits"
1993,7.42356844425917,6.84161547647759,8.00503334463711,"Log age1 recruits"
1994,7.43661726523423,6.87005341179813,8.00235954625271,"Log age1 recruits"
1995,8.80161997114735,8.55756708555451,9.04581943980773,"Log age1 recruits"
1996,8.03430693633949,7.69757534680234,8.37124213593193,"Log age1 recruits"
1997,7.24565506759454,6.76849321164863,7.72312009226633,"Log age1 recruits"
1998,7.19967834569117,6.75693238924755,7.64204440287326,"Log age1 recruits"
1999,7.41938058291869,7.01571242048723,7.82284529027977,"Log age1 recruits"
2000,8.73568594451502,8.49596955496461,8.9751242394277,"Log age1 recruits"
2001,8.80086724247048,8.5816692106006,9.02002696525268,"Log age1 recruits"
2002,6.82762923450285,6.27664348934164,7.3790081276283,"Log age1 recruits"
2003,6.57088296233958,6.0591231955818,7.08170858610557,"Log age1 recruits"
2004,6.50128967054039,5.95842469302978,7.04403289727469,"Log age1 recruits"
2005,7.44600149832412,7.07326971745971,7.81843027207066,"Log age1 recruits"
2006,8.6195692580331,8.35796296584568,8.88100262425557,"Log age1 recruits"
2007,8.5850387383113,8.31016902198191,8.859647499715,"Log age1 recruits"
2008,8.77863395266279,8.51919119407891,9.03800874921158,"Log age1 recruits"
2009,7.96762673933382,7.63336964967958,8.3020178097512,"Log age1 recruits"
2010,6.99759598298193,6.48463523563525,7.5109777520141,"Log age1 recruits"
2011,8.44333134281778,8.13885675069633,8.74782860848874,"Log age1 recruits"
2012,6.61606518513282,6.00388706710654,7.22766249872865,"Log age1 recruits"
2013,10.5837774310935,10.3966582410634,10.7708821146225,"Log age1 recruits"
2014,7.72709448477984,7.21890970761906,8.23509549725836,"Log age1 recruits"
2015,3.76120011569356,2.99573227355399,4.48863636973214,"Log age1 recruits"
2016,1.6094379124341,1.09861228866811,2.39789527279837,"Log age1 recruits"
2017,7.69938940625674,7.17395831975679,8.22469956196723,"Log age1 recruits"
2018,8.84865288621391,8.33302993974291,9.3640909717821,"Log age1 recruits"
2019,8.65625923953924,8.07806788181544,9.234545060673,"Log age1 recruits"
2020,4.64439089914137,3.80666248977032,5.46806014113513,"Log age1 recruits"
1986,0.655029055509204,-1.07288725753205,2.38294536855046,"Log spawning weight anomaly"
1987,1.02306516224433,-0.698568277203221,2.74469860169188,"Log spawning weight anomaly"
1988,0.482979245088821,-1.24037255851821,2.20633104869585,"Log spawning weight anomaly"
1989,0.65145206414561,-1.06931233643786,2.37221646472908,"Log spawning weight anomaly"
1990,0.369403348726759,-1.34883246934698,2.0876391668005,"Log spawning weight anomaly"
1991,0.424735016682591,-1.29777597580769,2.14724600917287,"Log spawning weight anomaly"
1992,0.236200882555882,-1.48427735660229,1.95667912171405,"Log spawning weight anomaly"
1993,0.77174344202165,-0.946910699248796,2.4903975832921,"Log spawning weight anomaly"
1994,0.865626418151793,-0.851838086652485,2.58309092295607,"Log spawning weight anomaly"
1995,0.643755706863827,-1.07515872423497,2.36267013796262,"Log spawning weight anomaly"
1996,0.502908777544658,-1.21512693423047,2.22094448931979,"Log spawning weight anomaly"
1997,0.444486898842364,-1.27433834934322,2.16331214702795,"Log spawning weight anomaly"
1998,0.158993773619726,-1.55873620992514,1.87672375716459,"Log spawning weight anomaly"
2000,0.476467688661428,-1.24210896156562,2.19504433888848,"Log spawning weight anomaly"
2002,0.208902135507079,-1.50958548855829,1.92738975957245,"Log spawning weight anomaly"
2003,-0.13823504794251,-1.8657339724298,1.58926387654478,"Log spawning weight anomaly"
2004,-0.148284015577256,-1.86722298443528,1.57065495328077,"Log spawning weight anomaly"
2005,0.0731249259644254,-1.64705021958865,1.7933000715175,"Log spawning weight anomaly"
2006,0.377470101211856,-1.34249681617574,2.09743701859945,"Log spawning weight anomaly"
2007,0.416324713633999,-1.30702373491677,2.13967316218477,"Log spawning weight anomaly"
2008,0.871204243939954,-0.850878617623597,2.59328710550351,"Log spawning weight anomaly"
2009,0.855356829456208,-0.866552674793442,2.57726633370586,"Log spawning weight anomaly"
2010,1.07801155529655,-0.643435976758605,2.7994590873517,"Log spawning weight anomaly"
2012,0.612394950080683,-1.11073157204567,2.33552147220704,"Log spawning weight anomaly"
2013,1.05961664672746,-0.660612455896418,2.77984574935133,"Log spawning weight anomaly"
2014,0.524718388053298,-1.19551698498979,2.24495376109638,"Log spawning weight anomaly"
2015,0.342641383215917,-1.37753571343737,2.06281847986921,"Log spawning weight anomaly"
2016,-0.872369131451648,-2.59485938421325,0.85012112130995,"Log spawning weight anomaly"
2017,-1.19293819966516,-2.91578811987075,0.529911720540435,"Log spawning weight anomaly"
2018,-1.64642591105111,-3.37015621281411,0.0773043907118998,"Log spawning weight anomaly"
2019,-1.78783036588723,-3.5099566485924,-0.0657040831820601,"Log spawning weight anomaly"
2020,-2.16349917507018,-3.88813248320203,-0.438865866938328,"Log spawning weight anomaly"
1999,NA,NA,NA,"Log spawning weight anomaly"
2001,NA,NA,NA,"Log spawning weight anomaly"
2011,NA,NA,NA,"Log spawning weight anomaly"
1854,7.8132080434171,NA,NA,"Annual mean SST (°C)"
1854,NA,NA,NA,"Winter mean (°C)"
1855,8.08734061794024,NA,NA,"Annual mean SST (°C)"
1855,5.93010027248425,NA,NA,"Winter mean (°C)"
1856,7.9411719222573,NA,NA,"Annual mean SST (°C)"
1856,5.65791797527587,NA,NA,"Winter mean (°C)"
1857,8.02806566236957,NA,NA,"Annual mean SST (°C)"
1857,5.61960108600728,NA,NA,"Winter mean (°C)"
1858,7.9717813093768,NA,NA,"Annual mean SST (°C)"
1858,5.7117452281294,NA,NA,"Winter mean (°C)"
1859,7.17009509390062,NA,NA,"Annual mean SST (°C)"
1859,5.36701957218632,NA,NA,"Winter mean (°C)"
1860,7.30869085005901,NA,NA,"Annual mean SST (°C)"
1860,5.50009001760265,NA,NA,"Winter mean (°C)"
1861,7.67452998206754,NA,NA,"Annual mean SST (°C)"
1861,5.43978673258596,NA,NA,"Winter mean (°C)"
1862,7.80861963372463,NA,NA,"Annual mean SST (°C)"
1862,5.56039285573901,NA,NA,"Winter mean (°C)"
1863,7.93973786016788,NA,NA,"Annual mean SST (°C)"
1863,6.01153510098748,NA,NA,"Winter mean (°C)"
1864,7.87445547208246,NA,NA,"Annual mean SST (°C)"
1864,5.67744155807937,NA,NA,"Winter mean (°C)"
1865,7.80323165007638,NA,NA,"Annual mean SST (°C)"
1865,5.68823863812268,NA,NA,"Winter mean (°C)"
1866,7.59663187022543,NA,NA,"Annual mean SST (°C)"
1866,5.31892009756957,NA,NA,"Winter mean (°C)"
1867,7.86662826853636,NA,NA,"Annual mean SST (°C)"
1867,5.63572079656807,NA,NA,"Winter mean (°C)"
1868,7.75361045087095,NA,NA,"Annual mean SST (°C)"
1868,5.62739876204035,NA,NA,"Winter mean (°C)"
1869,8.02266110225563,NA,NA,"Annual mean SST (°C)"
1869,5.62819232773586,NA,NA,"Winter mean (°C)"
1870,7.74299112742818,NA,NA,"Annual mean SST (°C)"
1870,5.66972110770677,NA,NA,"Winter mean (°C)"
1871,7.82251803589801,NA,NA,"Annual mean SST (°C)"
1871,5.73412447176551,NA,NA,"Winter mean (°C)"
1872,7.50341945629763,NA,NA,"Annual mean SST (°C)"
1872,5.50707290034022,NA,NA,"Winter mean (°C)"
1873,7.00872310007318,NA,NA,"Annual mean SST (°C)"
1873,5.04017359525563,NA,NA,"Winter mean (°C)"
1874,8.38729991716355,NA,NA,"Annual mean SST (°C)"
1874,5.10515247293355,NA,NA,"Winter mean (°C)"
1875,7.20645854894807,NA,NA,"Annual mean SST (°C)"
1875,5.36579195218928,NA,NA,"Winter mean (°C)"
1876,7.72133518752072,NA,NA,"Annual mean SST (°C)"
1876,5.40006193629093,NA,NA,"Winter mean (°C)"
1877,7.96978649787047,NA,NA,"Annual mean SST (°C)"
1877,5.80387911582194,NA,NA,"Winter mean (°C)"
1878,7.20767042845072,NA,NA,"Annual mean SST (°C)"
1878,6.24523209322467,NA,NA,"Winter mean (°C)"
1879,8.00977712466999,NA,NA,"Annual mean SST (°C)"
1879,4.85934284090212,NA,NA,"Winter mean (°C)"
1880,6.85635500343818,NA,NA,"Annual mean SST (°C)"
1880,5.82060402333761,NA,NA,"Winter mean (°C)"
1881,6.93995785197066,NA,NA,"Annual mean SST (°C)"
1881,4.60661359682432,NA,NA,"Winter mean (°C)"
1882,6.91825611122487,NA,NA,"Annual mean SST (°C)"
1882,5.06115968665065,NA,NA,"Winter mean (°C)"
1883,8.4608497555982,NA,NA,"Annual mean SST (°C)"
1883,5.62377877639055,NA,NA,"Winter mean (°C)"
1884,8.85261691722336,NA,NA,"Annual mean SST (°C)"
1884,6.28920920571027,NA,NA,"Winter mean (°C)"
1885,6.66524427681975,NA,NA,"Annual mean SST (°C)"
1885,7.16391284025626,NA,NA,"Winter mean (°C)"
1886,7.50423829371648,NA,NA,"Annual mean SST (°C)"
1886,4.44779393418505,NA,NA,"Winter mean (°C)"
1887,6.82766532073272,NA,NA,"Annual mean SST (°C)"
1887,3.80118380319657,NA,NA,"Winter mean (°C)"
1888,9.05626435725141,NA,NA,"Annual mean SST (°C)"
1888,4.25293101475353,NA,NA,"Winter mean (°C)"
1889,7.82533524780991,NA,NA,"Annual mean SST (°C)"
1889,5.94641837992685,NA,NA,"Winter mean (°C)"
1890,6.32934711575055,NA,NA,"Annual mean SST (°C)"
1890,5.29656816846084,NA,NA,"Winter mean (°C)"
1891,7.58951228332864,NA,NA,"Annual mean SST (°C)"
1891,4.24615685820283,NA,NA,"Winter mean (°C)"
1892,7.01353733556856,NA,NA,"Annual mean SST (°C)"
1892,4.84650994123412,NA,NA,"Winter mean (°C)"
1893,7.06799432168894,NA,NA,"Annual mean SST (°C)"
1893,4.37192241656256,NA,NA,"Winter mean (°C)"
1894,6.64029922679803,NA,NA,"Annual mean SST (°C)"
1894,4.99145556800436,NA,NA,"Winter mean (°C)"
1895,7.36828257443009,NA,NA,"Annual mean SST (°C)"
1895,5.18532364030832,NA,NA,"Winter mean (°C)"
1896,7.44251298477128,NA,NA,"Annual mean SST (°C)"
1896,5.96494572932708,NA,NA,"Winter mean (°C)"
1897,6.76567171778702,NA,NA,"Annual mean SST (°C)"
1897,4.8470273254191,NA,NA,"Winter mean (°C)"
1898,8.61547082123661,NA,NA,"Annual mean SST (°C)"
1898,5.36114847544908,NA,NA,"Winter mean (°C)"
1899,7.41718395320691,NA,NA,"Annual mean SST (°C)"
1899,5.93285437628884,NA,NA,"Winter mean (°C)"
1900,8.23372083463024,NA,NA,"Annual mean SST (°C)"
1900,5.05604650843251,NA,NA,"Winter mean (°C)"
1901,6.44024798042276,NA,NA,"Annual mean SST (°C)"
1901,5.3618297938852,NA,NA,"Winter mean (°C)"
1902,7.69186424813047,NA,NA,"Annual mean SST (°C)"
1902,4.62382886918146,NA,NA,"Winter mean (°C)"
1903,6.71272867829561,NA,NA,"Annual mean SST (°C)"
1903,6.48624130031352,NA,NA,"Winter mean (°C)"
1904,6.29281642493996,NA,NA,"Annual mean SST (°C)"
1904,3.74524277704966,NA,NA,"Winter mean (°C)"
1905,7.51537572686188,NA,NA,"Annual mean SST (°C)"
1905,5.22434167525694,NA,NA,"Winter mean (°C)"
1906,7.63192672526409,NA,NA,"Annual mean SST (°C)"
1906,5.62775177853152,NA,NA,"Winter mean (°C)"
1907,5.92027357857847,NA,NA,"Annual mean SST (°C)"
1907,4.51389011129697,NA,NA,"Winter mean (°C)"
1908,6.26611926404454,NA,NA,"Annual mean SST (°C)"
1908,4.58470214235819,NA,NA,"Winter mean (°C)"
1909,6.04720173726511,NA,NA,"Annual mean SST (°C)"
1909,3.72152280552115,NA,NA,"Winter mean (°C)"
1910,6.26278384933403,NA,NA,"Annual mean SST (°C)"
1910,3.7334296809716,NA,NA,"Winter mean (°C)"
1911,7.01337537087391,NA,NA,"Annual mean SST (°C)"
1911,3.36819451982956,NA,NA,"Winter mean (°C)"
1912,7.82775469240257,NA,NA,"Annual mean SST (°C)"
1912,5.22434282786254,NA,NA,"Winter mean (°C)"
1913,7.65279365844832,NA,NA,"Annual mean SST (°C)"
1913,6.73356398285198,NA,NA,"Winter mean (°C)"
1914,7.28900749168198,NA,NA,"Annual mean SST (°C)"
1914,5.05138581730179,NA,NA,"Winter mean (°C)"
1915,8.3709219710802,NA,NA,"Annual mean SST (°C)"
1915,6.09993822210484,NA,NA,"Winter mean (°C)"
1916,6.48782577769043,NA,NA,"Annual mean SST (°C)"
1916,4.63320052222757,NA,NA,"Winter mean (°C)"
1917,6.84680943155683,NA,NA,"Annual mean SST (°C)"
1917,4.64424575758734,NA,NA,"Winter mean (°C)"
1918,6.50678275978354,NA,NA,"Annual mean SST (°C)"
1918,4.09925705828251,NA,NA,"Winter mean (°C)"
1919,6.77641942083794,NA,NA,"Annual mean SST (°C)"
1919,4.17348222770208,NA,NA,"Winter mean (°C)"
1920,7.02350396569876,NA,NA,"Annual mean SST (°C)"
1920,5.1175963393304,NA,NA,"Winter mean (°C)"
1921,7.37154992959599,NA,NA,"Annual mean SST (°C)"
1921,5.42788514197426,NA,NA,"Winter mean (°C)"
1922,7.23659765468153,NA,NA,"Annual mean SST (°C)"
1922,4.75331794036311,NA,NA,"Winter mean (°C)"
1923,7.60932191116302,NA,NA,"Annual mean SST (°C)"
1923,5.3367532638991,NA,NA,"Winter mean (°C)"
1924,7.10683048001658,NA,NA,"Annual mean SST (°C)"
1924,5.25285848222388,NA,NA,"Winter mean (°C)"
1925,7.04664726992634,NA,NA,"Annual mean SST (°C)"
1925,4.67450962203102,NA,NA,"Winter mean (°C)"
1926,8.72291765007143,NA,NA,"Annual mean SST (°C)"
1926,6.42158029221075,NA,NA,"Winter mean (°C)"
1927,7.64598117927627,NA,NA,"Annual mean SST (°C)"
1927,6.60677462244645,NA,NA,"Winter mean (°C)"
1928,7.25981430928995,NA,NA,"Annual mean SST (°C)"
1928,5.10431350219389,NA,NA,"Winter mean (°C)"
1929,8.22911815378678,NA,NA,"Annual mean SST (°C)"
1929,5.88427797618183,NA,NA,"Winter mean (°C)"
1930,7.67826759027971,NA,NA,"Annual mean SST (°C)"
1930,5.95438239133294,NA,NA,"Winter mean (°C)"
1931,7.74656618179498,NA,NA,"Annual mean SST (°C)"
1931,5.73339242328682,NA,NA,"Winter mean (°C)"
1932,7.45484591497975,NA,NA,"Annual mean SST (°C)"
1932,5.34731324614547,NA,NA,"Winter mean (°C)"
1933,7.36417580333943,NA,NA,"Annual mean SST (°C)"
1933,5.83591855016249,NA,NA,"Winter mean (°C)"
1934,7.93355046098098,NA,NA,"Annual mean SST (°C)"
1934,5.6025904698393,NA,NA,"Winter mean (°C)"
1935,7.92380640489466,NA,NA,"Annual mean SST (°C)"
1935,5.78127424890627,NA,NA,"Winter mean (°C)"
1936,9.14752557848438,NA,NA,"Annual mean SST (°C)"
1936,6.37695667415864,NA,NA,"Winter mean (°C)"
1937,8.34603082755807,NA,NA,"Annual mean SST (°C)"
1937,6.19471944045236,NA,NA,"Winter mean (°C)"
1938,7.55841877764405,NA,NA,"Annual mean SST (°C)"
1938,5.61381060880151,NA,NA,"Winter mean (°C)"
1939,7.41477057341787,NA,NA,"Annual mean SST (°C)"
1939,5.3103443379105,NA,NA,"Winter mean (°C)"
1940,8.477577081896,NA,NA,"Annual mean SST (°C)"
1940,5.64901934733789,NA,NA,"Winter mean (°C)"
1941,9.11926974632759,NA,NA,"Annual mean SST (°C)"
1941,6.72661590142766,NA,NA,"Winter mean (°C)"
1942,8.80917372198922,NA,NA,"Annual mean SST (°C)"
1942,6.94088712827531,NA,NA,"Winter mean (°C)"
1943,7.37352863061022,NA,NA,"Annual mean SST (°C)"
1943,5.35015835316244,NA,NA,"Winter mean (°C)"
1944,8.00910269173199,NA,NA,"Annual mean SST (°C)"
1944,5.79696800999422,NA,NA,"Winter mean (°C)"
1945,8.15408846730396,NA,NA,"Annual mean SST (°C)"
1945,6.18368652762187,NA,NA,"Winter mean (°C)"
1946,7.75355903985357,NA,NA,"Annual mean SST (°C)"
1946,5.22375619419821,NA,NA,"Winter mean (°C)"
1947,6.93142674762154,NA,NA,"Annual mean SST (°C)"
1947,5.137782082923,NA,NA,"Winter mean (°C)"
1948,7.11079932136171,NA,NA,"Annual mean SST (°C)"
1948,4.33203658375623,NA,NA,"Winter mean (°C)"
1949,7.15127628088357,NA,NA,"Annual mean SST (°C)"
1949,4.22392668596841,NA,NA,"Winter mean (°C)"
1950,7.13938810137036,NA,NA,"Annual mean SST (°C)"
1950,5.32727018308339,NA,NA,"Winter mean (°C)"
1951,7.66837664361045,NA,NA,"Annual mean SST (°C)"
1951,5.39922006380089,NA,NA,"Winter mean (°C)"
1952,7.63600068855085,NA,NA,"Annual mean SST (°C)"
1952,5.35486640750668,NA,NA,"Winter mean (°C)"
1953,7.92491577513111,NA,NA,"Annual mean SST (°C)"
1953,5.68442180985772,NA,NA,"Winter mean (°C)"
1954,8.08934473270384,NA,NA,"Annual mean SST (°C)"
1954,5.45881826491194,NA,NA,"Winter mean (°C)"
1955,7.72733114033955,NA,NA,"Annual mean SST (°C)"
1955,6.25326606178823,NA,NA,"Winter mean (°C)"
1956,7.8492209907241,NA,NA,"Annual mean SST (°C)"
1956,5.44110601266428,NA,NA,"Winter mean (°C)"
1957,8.66900701825072,NA,NA,"Annual mean SST (°C)"
1957,5.19359252672831,NA,NA,"Winter mean (°C)"
1958,8.61392360843324,NA,NA,"Annual mean SST (°C)"
1958,6.82966650320907,NA,NA,"Winter mean (°C)"
1959,8.38201812866218,NA,NA,"Annual mean SST (°C)"
1959,6.02312375564846,NA,NA,"Winter mean (°C)"
1960,7.9906155689722,NA,NA,"Annual mean SST (°C)"
1960,6.10732925857939,NA,NA,"Winter mean (°C)"
1961,8.17235227029119,NA,NA,"Annual mean SST (°C)"
1961,5.72943593735448,NA,NA,"Winter mean (°C)"
1962,8.13475825211039,NA,NA,"Annual mean SST (°C)"
1962,5.54423028474452,NA,NA,"Winter mean (°C)"
1963,8.54199656425621,NA,NA,"Annual mean SST (°C)"
1963,6.14063947616858,NA,NA,"Winter mean (°C)"
1964,7.71522982893518,NA,NA,"Annual mean SST (°C)"
1964,6.30157164541388,NA,NA,"Winter mean (°C)"
1965,7.22115895466991,NA,NA,"Annual mean SST (°C)"
1965,4.90622583973828,NA,NA,"Winter mean (°C)"
1966,7.39651536092647,NA,NA,"Annual mean SST (°C)"
1966,5.48224624308051,NA,NA,"Winter mean (°C)"
1967,7.9597718745109,NA,NA,"Annual mean SST (°C)"
1967,5.29399465934173,NA,NA,"Winter mean (°C)"
1968,7.94270191684321,NA,NA,"Annual mean SST (°C)"
1968,5.67871426050517,NA,NA,"Winter mean (°C)"
1969,7.45487397831219,NA,NA,"Annual mean SST (°C)"
1969,4.76194375464552,NA,NA,"Winter mean (°C)"
1970,7.84507462706891,NA,NA,"Annual mean SST (°C)"
1970,6.08009671123471,NA,NA,"Winter mean (°C)"
1971,6.71893881263797,NA,NA,"Annual mean SST (°C)"
1971,5.39744209921474,NA,NA,"Winter mean (°C)"
1972,6.73935368596922,NA,NA,"Annual mean SST (°C)"
1972,4.45191845436483,NA,NA,"Winter mean (°C)"
1973,7.0550817073606,NA,NA,"Annual mean SST (°C)"
1973,4.94693873759598,NA,NA,"Winter mean (°C)"
1974,7.70268742619822,NA,NA,"Annual mean SST (°C)"
1974,4.95807012673859,NA,NA,"Winter mean (°C)"
1975,6.96608788693897,NA,NA,"Annual mean SST (°C)"
1975,5.27401257959038,NA,NA,"Winter mean (°C)"
1976,7.4014232302359,NA,NA,"Annual mean SST (°C)"
1976,5.01027832406133,NA,NA,"Winter mean (°C)"
1977,8.30121087772143,NA,NA,"Annual mean SST (°C)"
1977,5.98837567408592,NA,NA,"Winter mean (°C)"
1978,7.77887628383472,NA,NA,"Annual mean SST (°C)"
1978,5.26509537144209,NA,NA,"Winter mean (°C)"
1979,8.27996253529526,NA,NA,"Annual mean SST (°C)"
1979,5.70508530170104,NA,NA,"Winter mean (°C)"
1980,7.76948480524066,NA,NA,"Annual mean SST (°C)"
1980,5.88236705517746,NA,NA,"Winter mean (°C)"
1981,8.54479692043187,NA,NA,"Annual mean SST (°C)"
1981,5.92567336233439,NA,NA,"Winter mean (°C)"
1982,7.45718129997748,NA,NA,"Annual mean SST (°C)"
1982,5.83318359939222,NA,NA,"Winter mean (°C)"
1983,8.62163697544395,NA,NA,"Annual mean SST (°C)"
1983,6.03618271814973,NA,NA,"Winter mean (°C)"
1984,8.68339653987195,NA,NA,"Annual mean SST (°C)"
1984,6.36772804581235,NA,NA,"Winter mean (°C)"
1985,7.56008357898051,NA,NA,"Annual mean SST (°C)"
1985,6.29069961584646,NA,NA,"Winter mean (°C)"
1986,7.99716952052093,NA,NA,"Annual mean SST (°C)"
1986,5.47711158365988,NA,NA,"Winter mean (°C)"
1987,8.17560206648927,NA,NA,"Annual mean SST (°C)"
1987,6.5904316993265,NA,NA,"Winter mean (°C)"
1988,7.99745912165723,NA,NA,"Annual mean SST (°C)"
1988,6.25547405861547,NA,NA,"Winter mean (°C)"
1989,8.1144100482564,NA,NA,"Annual mean SST (°C)"
1989,5.50837810983771,NA,NA,"Winter mean (°C)"
1990,7.94987274630755,NA,NA,"Annual mean SST (°C)"
1990,5.55290673465129,NA,NA,"Winter mean (°C)"
1991,7.64874752090252,NA,NA,"Annual mean SST (°C)"
1991,5.25688664396254,NA,NA,"Winter mean (°C)"
1992,7.77662855624912,NA,NA,"Annual mean SST (°C)"
1992,5.90963284865772,NA,NA,"Winter mean (°C)"
1993,8.36682930331851,NA,NA,"Annual mean SST (°C)"
1993,5.60509933292835,NA,NA,"Winter mean (°C)"
1994,8.02621285683517,NA,NA,"Annual mean SST (°C)"
1994,6.23755443439186,NA,NA,"Winter mean (°C)"
1995,7.69940134345199,NA,NA,"Annual mean SST (°C)"
1995,5.15351161852353,NA,NA,"Winter mean (°C)"
1996,7.823609151086,NA,NA,"Annual mean SST (°C)"
1996,5.36600716505536,NA,NA,"Winter mean (°C)"
1997,8.71700254594933,NA,NA,"Annual mean SST (°C)"
1997,5.25406531866048,NA,NA,"Winter mean (°C)"
1998,8.38770389486491,NA,NA,"Annual mean SST (°C)"
1998,6.57087436209293,NA,NA,"Winter mean (°C)"
1999,7.43740823456062,NA,NA,"Annual mean SST (°C)"
1999,6.02410929312138,NA,NA,"Winter mean (°C)"
2000,7.74271124251436,NA,NA,"Annual mean SST (°C)"
2000,5.32385981244985,NA,NA,"Winter mean (°C)"
2001,7.90441519333119,NA,NA,"Annual mean SST (°C)"
2001,5.8963176700645,NA,NA,"Winter mean (°C)"
2002,8.1138115881355,NA,NA,"Annual mean SST (°C)"
2002,5.2357624703445,NA,NA,"Winter mean (°C)"
2003,8.72471498665271,NA,NA,"Annual mean SST (°C)"
2003,6.95712769418365,NA,NA,"Winter mean (°C)"
2004,8.50116654412081,NA,NA,"Annual mean SST (°C)"
2004,5.78896985667221,NA,NA,"Winter mean (°C)"
2005,8.82457452279707,NA,NA,"Annual mean SST (°C)"
2005,5.77739518129237,NA,NA,"Winter mean (°C)"
2006,7.82779326930902,NA,NA,"Annual mean SST (°C)"
2006,5.66787879104213,NA,NA,"Winter mean (°C)"
2007,7.55022688481571,NA,NA,"Annual mean SST (°C)"
2007,5.09882560006638,NA,NA,"Winter mean (°C)"
2008,7.40416263726957,NA,NA,"Annual mean SST (°C)"
2008,5.09470327993482,NA,NA,"Winter mean (°C)"
2009,7.59362882441442,NA,NA,"Annual mean SST (°C)"
2009,5.04215977101701,NA,NA,"Winter mean (°C)"
2010,8.17190704607359,NA,NA,"Annual mean SST (°C)"
2010,5.87049772601899,NA,NA,"Winter mean (°C)"
2011,7.94199324303098,NA,NA,"Annual mean SST (°C)"
2011,5.90978426961154,NA,NA,"Winter mean (°C)"
2012,7.36742186713358,NA,NA,"Annual mean SST (°C)"
2012,5.00995126667789,NA,NA,"Winter mean (°C)"
2013,8.19158745121025,NA,NA,"Annual mean SST (°C)"
2013,5.68776913704838,NA,NA,"Winter mean (°C)"
2014,9.06621737557322,NA,NA,"Annual mean SST (°C)"
2014,6.05224602048841,NA,NA,"Winter mean (°C)"
2015,9.04207523847203,NA,NA,"Annual mean SST (°C)"
2015,7.0489271495151,NA,NA,"Winter mean (°C)"
2016,9.55517678846736,NA,NA,"Annual mean SST (°C)"
2016,6.81063007707944,NA,NA,"Winter mean (°C)"
2017,8.4961408106716,NA,NA,"Annual mean SST (°C)"
2017,6.67110180783501,NA,NA,"Winter mean (°C)"
2018,8.99719158531097,NA,NA,"Annual mean SST (°C)"
2018,6.16882761363641,NA,NA,"Winter mean (°C)"
2019,9.54170247709123,NA,NA,"Annual mean SST (°C)"
2019,7.10532481186665,NA,NA,"Winter mean (°C)"
2020,8.62754359594501,NA,NA,"Annual mean SST (°C)"
2020,6.54792366865893,NA,NA,"Winter mean (°C)"
2021,7.96278089156611,NA,NA,"Annual mean SST (°C)"
2021,5.98700879253043,NA,NA,"Winter mean (°C)"
1950,0.163434718223885,0.134421449703401,0.192923498971006,"Fraction of Attributable Risk"
1951,0.275268667130133,0.230908652234045,0.318236964735687,"Fraction of Attributable Risk"
1952,0.252537436034865,0.211843173705796,0.29247280030501,"Fraction of Attributable Risk"
1953,0.265511541427511,0.217034701120287,0.311750062821013,"Fraction of Attributable Risk"
1954,0.254172494967628,0.201907836079308,0.304345947822041,"Fraction of Attributable Risk"
1955,0.204904796500188,0.167848732631114,0.241191428143423,"Fraction of Attributable Risk"
1956,0.187370480510289,0.147713470391902,0.226433577587208,"Fraction of Attributable Risk"
1957,0.381386919506403,0.31712874533809,0.43951882836937,"Fraction of Attributable Risk"
1958,0.316445749626155,0.249876829761968,0.376873406236379,"Fraction of Attributable Risk"
1959,0.160686385534828,0.0947398562799772,0.222578215063373,"Fraction of Attributable Risk"
1960,0.073998412271228,0.0190518749577255,0.127567944883275,"Fraction of Attributable Risk"
1961,0.0444478373878481,-0.0236716126349141,0.109499566822684,"Fraction of Attributable Risk"
1962,0.0108885510606832,-0.0598226654953509,0.0786938938829106,"Fraction of Attributable Risk"
1963,0.11839424449459,0.0328359221130135,0.19783423722332,"Fraction of Attributable Risk"
1964,0.00162544721319637,-0.0525318846183287,0.0518143977303671,"Fraction of Attributable Risk"
1965,0.0179694490800814,-0.0186646961108681,0.0509022498505693,"Fraction of Attributable Risk"
1966,0.00123224917720304,-0.0430095052099593,0.0407952526422656,"Fraction of Attributable Risk"
1967,-0.0952967659286004,-0.168696294876262,-0.025102402484157,"Fraction of Attributable Risk"
1968,-0.10627938194392,-0.179292310540443,-0.0365548966578934,"Fraction of Attributable Risk"
1969,-0.0282613772635212,-0.0760837614397744,0.0143002684682713,"Fraction of Attributable Risk"
1970,-0.101369644455693,-0.168925837027078,-0.0371292691454655,"Fraction of Attributable Risk"
1971,0.00334981770708324,-0.0246379610473491,0.0355433938383122,"Fraction of Attributable Risk"
1972,0.00358071167203306,-0.0247589435719275,0.0359975789366814,"Fraction of Attributable Risk"
1973,-0.00080222295194879,-0.031538201902586,0.0296530345482,"Fraction of Attributable Risk"
1974,-0.0562923699485357,-0.113451588402841,-0.0027196880892178,"Fraction of Attributable Risk"
1975,0.00865932045495154,-0.0203685043371472,0.0388922899857404,"Fraction of Attributable Risk"
1976,0.00284416773033658,-0.0380402057663656,0.0406355595586765,"Fraction of Attributable Risk"
1977,-0.0470014578273919,-0.136566795536475,0.0374355172462431,"Fraction of Attributable Risk"
1978,-0.00124722958528217,-0.0569997769062379,0.050942055629483,"Fraction of Attributable Risk"
1979,0.00816591655302724,-0.0719798381798366,0.083939863334289,"Fraction of Attributable Risk"
1980,0.048108227052748,0.000298724972631678,0.0930294433309364,"Fraction of Attributable Risk"
1981,0.194026395179877,0.121160239753986,0.261666629122887,"Fraction of Attributable Risk"
1982,0.0978487546050247,0.0651991647480905,0.127737334469322,"Fraction of Attributable Risk"
1983,0.310100263084998,0.247645887035316,0.368548054953326,"Fraction of Attributable Risk"
1984,0.382741644797533,0.324458980771318,0.43679603749883,"Fraction of Attributable Risk"
1985,0.165527552081273,0.137405130363787,0.191065544210769,"Fraction of Attributable Risk"
1986,0.216247880015617,0.183721003590148,0.248551892781758,"Fraction of Attributable Risk"
1987,0.266055065575852,0.230853073853464,0.301699523432653,"Fraction of Attributable Risk"
1988,0.274553455235004,0.246995268671811,0.302219155116851,"Fraction of Attributable Risk"
1989,0.316855217988012,0.288288042148003,0.346039463768589,"Fraction of Attributable Risk"
1990,0.321711250243003,0.297608496463957,0.346557169757595,"Fraction of Attributable Risk"
1991,0.295531147947401,0.272450451485969,0.31884306519225,"Fraction of Attributable Risk"
1992,0.338768832797076,0.31633816478385,0.361995649231285,"Fraction of Attributable Risk"
1993,0.484921124034909,0.45669680391993,0.512144009803655,"Fraction of Attributable Risk"
1994,0.423790416901219,0.400999300474169,0.447072324588148,"Fraction of Attributable Risk"
1995,0.371851458335044,0.349068986578075,0.395102706418186,"Fraction of Attributable Risk"
1996,0.417968822006139,0.396097937902759,0.440727070721424,"Fraction of Attributable Risk"
1997,0.700686267462977,0.674205875197251,0.724427253900026,"Fraction of Attributable Risk"
1998,0.597300446642086,0.575764330648423,0.618398749652602,"Fraction of Attributable Risk"
1999,0.33422187532423,0.309513464244371,0.359631608804601,"Fraction of Attributable Risk"
2000,0.451871227753181,0.428261642899514,0.475415444904327,"Fraction of Attributable Risk"
2001,0.513028295887459,0.491366515101468,0.535052929415382,"Fraction of Attributable Risk"
2002,0.585823044198342,0.565490551796345,0.606477687234869,"Fraction of Attributable Risk"
2003,0.788715776800551,0.770487339011647,0.805520903284781,"Fraction of Attributable Risk"
2004,0.732959115469632,0.715605946731397,0.749827893910628,"Fraction of Attributable Risk"
2005,0.840074803566505,0.824288653303363,0.854365806006414,"Fraction of Attributable Risk"
2006,0.550466904871737,0.52608280386452,0.57448860925115,"Fraction of Attributable Risk"
2007,0.448609120338989,0.421181164577781,0.476326867120116,"Fraction of Attributable Risk"
2008,0.388343873222989,0.360667082202281,0.416628403522411,"Fraction of Attributable Risk"
2009,0.483377097738965,0.455503008147072,0.511090478670703,"Fraction of Attributable Risk"
2010,0.711080861994844,0.69222206692738,0.729521347381605,"Fraction of Attributable Risk"
2011,0.642635543371206,0.619326440769484,0.665485213777756,"Fraction of Attributable Risk"
2012,0.391951446906173,0.363699853271484,0.421505734118148,"Fraction of Attributable Risk"
2013,0.748063212070317,0.729956701181849,0.7654908309236,"Fraction of Attributable Risk"
2014,0.948888731231585,0.942039575194752,0.955060441394187,"Fraction of Attributable Risk"
2015,0.950762098342192,0.944594614379477,0.956284149737317,"Fraction of Attributable Risk"
2016,0.98406095184038,0.977404068247948,0.989395619408417,"Fraction of Attributable Risk"
2017,0.869176713578961,0.858204538457484,0.879392521372872,"Fraction of Attributable Risk"
2018,0.95769372085092,0.952789689525412,0.962167224907771,"Fraction of Attributable Risk"
2019,0.98795766518215,0.983093243703207,0.991938372153109,"Fraction of Attributable Risk"
2020,0.913690098662704,0.905238784311871,0.921422979199972,"Fraction of Attributable Risk"
2021,0.712744439063681,0.688108220542807,0.73690441253519,"Fraction of Attributable Risk"
1950,1.19536397431758,1.15529665061287,1.23903991594977,"Risk ratio"
1951,1.37982167272953,1.30023566498932,1.4667853026269,"Risk ratio"
1952,1.33785964436159,1.26878302215798,1.41337322498851,"Risk ratio"
1953,1.36149178156393,1.27719581114364,1.45296053944999,"Risk ratio"
1954,1.34079260050432,1.25298811992768,1.43749611875212,"Risk ratio"
1955,1.25771102076613,1.20170459291833,1.31785543428074,"Risk ratio"
1956,1.2305730668361,1.17331433181259,1.29271381361274,"Risk ratio"
1957,1.61651932610622,1.46440488331157,1.78418125463637,"Risk ratio"
1958,1.4629416750069,1.33311439997604,1.60481033871481,"Risk ratio"
1959,1.19144975461553,1.10465484086227,1.28630303314888,"Risk ratio"
1960,1.07991175528405,1.01942189854015,1.14622106573813,"Risk ratio"
1961,1.04651534382628,0.97687577506034,1.12296408035647,"Risk ratio"
1962,1.01100841676877,0.943554079901291,1.08541557834081,"Risk ratio"
1963,1.1342938652059,1.03395072549091,1.24662513211549,"Risk ratio"
1964,1.00162809359339,0.950089982654181,1.0546458389648,"Risk ratio"
1965,1.01829825870819,0.981677291672002,1.05363225214953,"Risk ratio"
1966,1.00123376948864,0.958764033314057,1.04253028642179,"Risk ratio"
1967,0.912994570153955,0.855654291353664,0.975512297675505,"Risk ratio"
1968,0.903930793903825,0.847966183669698,0.964734239570181,"Risk ratio"
1969,0.972515376062522,0.929295688527094,1.01450773294424,"Risk ratio"
1970,0.907960379182422,0.855486266385637,0.964199960168844,"Risk ratio"
1971,1.00336107670133,0.975954471741253,1.03685328464882,"Risk ratio"
1972,1.00359357924317,0.97583925104803,1.03734179308074,"Risk ratio"
1973,0.99919842009385,0.969426045642889,1.03055920779264,"Risk ratio"
1974,0.946707586317907,0.898108198340641,0.997287688551922,"Risk ratio"
1975,1.0087349592664,0.980038089914997,1.04046610965712,"Risk ratio"
1976,1.00285228009334,0.963353822371185,1.04235674978737,"Risk ratio"
1977,0.955108507752297,0.879842701658363,1.03889143835761,"Risk ratio"
1978,0.998754324058606,0.946073993437281,1.0536764440271,"Risk ratio"
1979,1.00823314775053,0.932853365691976,1.09163138965943,"Risk ratio"
1980,1.05053959748365,1.00029881423591,1.10257162445559,"Risk ratio"
1981,1.24073542113477,1.13786385782099,1.35440173699861,"Risk ratio"
1982,1.10846158568698,1.06974658375281,1.14644365684459,"Risk ratio"
1983,1.4494859854153,1.32916133874706,1.58365178513479,"Risk ratio"
1984,1.62006717539204,1.48029501027455,1.775555689557,"Risk ratio"
1985,1.198361914158,1.15929277485934,1.23619409810447,"Risk ratio"
1986,1.27591361414107,1.22507133516627,1.330763881623,"Risk ratio"
1987,1.36250003657917,1.30014171025821,1.43204828516762,"Risk ratio"
1988,1.37846131767564,1.32801290403069,1.43311471980499,"Risk ratio"
1989,1.4638185437863,1.40506280520856,1.52914425962569,"Risk ratio"
1990,1.47429837271849,1.42370742664982,1.53035576138931,"Risk ratio"
1991,1.41950917643316,1.37447683397293,1.46809046329719,"Risk ratio"
1992,1.5123304066717,1.46271145833939,1.56738743050126,"Risk ratio"
1993,1.94145022570829,1.84059289033268,2.0497852237041,"Risk ratio"
1994,1.73547964027625,1.66944713218465,1.80855479743376,"Risk ratio"
1995,1.59198013474555,1.53626110813653,1.65317320908917,"Risk ratio"
1996,1.71812101792689,1.65589764096381,1.78803576509582,"Risk ratio"
1997,3.34097601043516,3.06942306158973,3.62880587486403,"Risk ratio"
1998,2.48324089674669,2.35718038874112,2.62053648694712,"Risk ratio"
1999,1.50200188762134,1.4482541631397,1.56160112483576,"Risk ratio"
2000,1.8243888126889,1.7490517954251,1.90627038155483,"Risk ratio"
2001,2.05350740413635,1.96605223543136,2.15078245087686,"Risk ratio"
2002,2.41442693996448,2.30144592743424,2.54115196918157,"Risk ratio"
2003,4.73296105528909,4.35705810604821,5.14194078895957,"Risk ratio"
2004,3.74474493581256,3.51624792609684,3.99724819697828,"Risk ratio"
2005,6.25292338106242,5.6911521014433,6.86651927392851,"Risk ratio"
2006,2.22453032009729,2.11007325362831,2.35011335005655,"Risk ratio"
2007,1.81359546718435,1.72765628691152,1.90958813277398,"Risk ratio"
2008,1.6349055559523,1.56413031796432,1.71417327486978,"Risk ratio"
2009,1.93564783060029,1.83655743734597,2.04536822535405,"Risk ratio"
2010,3.46117604705769,3.24909583353415,3.69714944347513,"Risk ratio"
2011,2.79826373734401,2.62692266313787,2.98940447832886,"Risk ratio"
2012,1.64460550874083,1.57158536759958,1.72862560439663,"Risk ratio"
2013,3.96924962097677,3.70310985081473,4.26422559057473,"Risk ratio"
2014,19.565157040632,17.2531516696105,22.252109967779,"Risk ratio"
2015,20.3095576036072,18.0487869329002,22.8749982898911,"Risk ratio"
2016,62.7390036083443,44.2557541318996,94.3006516376543,"Risk ratio"
2017,7.64389908981205,7.0524118975427,8.29135980109173,"Risk ratio"
2018,23.6371531629189,21.1818136747537,26.4321080746046,"Risk ratio"
2019,83.0403750705992,59.1479514133477,124.044426137287,"Risk ratio"
2020,11.5861562173735,10.552840555477,12.7263669431412,"Risk ratio"
2021,3.48122068286673,3.20624032393662,3.80089993008245,"Risk ratio"
